,title,director,release_year,length,genre,imdb_rating,gross
0,"""Giliap""",Roy Andersson,(1975),,,,
1,"""Swing it"" magistern",Schamyl Bauman,(1940),,,,
2,The Wind Bloweth Where It Listeth,Kim Ekberg,(2017),,,,
3,# (Hashtag),,,,,,
4,#1 Mamarazzi,Kevin Alan Kent,,,,,
5,#1 Serial Killer,Stanley Yung,(2013),,,,
6,#1915House,Justin DiPego,(2018),,,,
7,#227,,,,,,
8,#5,Ricky Bardy,(2013),,,,
9,#50Fathers,Joddy Eric Matthews,(2015),,,,
10,#66,Asun Mawardi,(2015),,,,
11,#69 Samskar Colony,Suneel Kumar Reddy,(2022),,,,
12,"#73, Shaanthi Nivaasa",Sudeep,(2007),,,,
13,#: Hashtag,Joe Marotta,,,,,
14,#ActorsLife,Michael Deo,(2020),,,,
15,#AnneFrank - Parallel Stories,Sabina Fedeli,(2019),,,,
16,#BCarefulWhatUWish4,Nancy McKeon,,,,,
17,#BKKY,Nontawat Numbenchapol,(2016),,,,
18,#BeaconHill,Allen Jerome Redwing,,,,,
19,#Beings,Andrei Stefanescu,(2015),,,,
20,#StopOnYou,Indra Gunawan,(2021),,,,
21,#BlackSkin,Marc Cayce,(2022),,,,
22,#Bodygoals,Craig Tovey,(2018),,,,
23,#Bornagain,,(2018),,,,
24,#Captured,Joe Homokay,(2017),,,,
25,#CoEdConfessions,William Cardoza,(2017),,,,
26,#Dater,,,,,,
27,#Declimax,Tommy Both,,,,,
28,#DigitalLivesMatter,Terri J. Vaughn,(2016),,,,
29,#DoYouThinkIAmSexy,Dennis Marasigan,(2022),,,,
30,#Enough,Miranda Ferguson,(2015),,,,
31,#Evil,Jeremiah Rounds,,,,,
32,#Ewankosau saranghaeyo,Roman Perez Jr.,(2015),,,,
33,#FBF,Ilyssa Goodman,,,,,
34,#FamilyMan,Romane Simon,(2022),,,,
35,#FightClub Blood Out,Romane Simon,,,,,
36,#Followme,Sam Hardy,(2019),,,,
37,#Followme II,Sam Hardy,,,,,
38,#ForTheLikes,,,,,,
39,#Foreveralone,Mac Arellano,,,,,
40,#Franglais,Félix Guimard,(2020),,,,
41,#FullMethod,Katz Carter,(2019),,,,
42,#GBW,,,,,,
43,#Gadhvi (He thought he was Gandhi),Gaurav Bakshi,(2019),,,,
44,#Gawwezni,Essam Nassar,(2022),,,,
45,#GirlsNightOut,,,,,,
46,#HandoZenryoku,Daigo Matsui,(2020),,,,
47,#Happy420,Kenneth Lampkin II,(2021),,,,
48,#Home,Rojin Thomas,(2021),,,,
49,#Home,,,,,,
50,#Homecoming,Soumyajit Majumdar,(2022),,,,
51,#Horror,Tara Subkoff,(2015),,,,
52,#JeSuis,Aakash Odedra,(2018),,,,
53,#Iamhere,Éric Lartigau,(2019),,,,
54,#Jestem M. Misfit,Marcin Ziebinski,(2019),,,,
55,#Jowable,Darryl Yap,(2019),,,,
56,#Kaadal Kahaani,Vinay Muppalla,(2022),,,,
57,#LANDoftheBRAVEfilm,Tim Huebschle,(2019),,,,
58,#Like,Sarah Pirozek,(2019),,,,
59,#LookAtMe,Ken Kwek,(2022),,,,
60,#Love,Bosco,(I),,,,
61,#Love,,(II),,,,
62,#Love Goals,Brandon Cornett,(2022),,,,
63,#Lovelife,,,,,,
64,#Lucky Number,Brendan Gabriel Murphy,(2015),,,,
65,#Malam Jumat: The Movie,Hadrah Daeng Ratu,(2019),,,,
66,#MamaDiMarcoSays,Angela DiMarco,,,,,
67,#Manhole,Kazuyoshi Kumakiri,(2023),,,,
68,#MayaLo,Megha Mithra Pervar,(2022),,,,
69,#MeTooNewsroom,,,,,,
70,#Medellin1995,Catalina Alcaraz-Guzman,,,,,
71,#MenToo,Thea Elmsley,(2021),,,,
72,#Models Wanted,John Soho,,,,,
73,#Modus,Fajar Bustomi,(2016),,,,
74,#MonkLife,Jay Brock,,,,,
75,#Moscow on the Beach,Elena Kizilova,(2018),,,,
76,#MoveOnAja,Hestu Saputra,(2019),,,,
77,#Mute,Prashantt Chandraah,(2023),,,,
78,#Nerealnaya lyubov,Arman Gevorgyan,(2014),,,,
79,#NeverTalkBackToAGangster,,(2016),,,,
80,#No Filter,,,,,,
81,#No_Filter,Michael Dupret,(2022),,,,
82,#Nudes,Guily Machovec,(2020),,,,
83,#O Premave,Manoj Kumar,(2018),,,,
84,#Odindenleta,Aleksandr Igudin,(2018),,,,
85,#PVT04,Srikanth N Reddy,(2023),,,,
86,#PartiuFama,Miguel Rodrigues,(2022),,,,
87,#PartyTime,Nick Bohle,(2018),,,,
88,#PinkPanties,RoChe' ChiTown,,,,,
89,#Puremoods2016,,(2016),,,,
90,#QueRicoPaís,Alvaro Almeyda,(2019),,,,
91,#Relevant,Caroline Chabata,,,,,
92,#RIPVine,Curtis Lepore,(2018),,,,
93,#Rats,Carlos Trujano,,,,,
94,#RealityZv,Andrew Frank,,,,,
95,#Realityhigh,Fernando Lebrija,(2017),,,,
96,#Realmovie,Pablo Maqueda,(2013),,,,
97,#Refugee,,,,,,
98,#RevolutionX,Sam Dehghani,,,,,
99,#Roxy,Michael Kennedy,(2018),,,,
100,#SHE,Arantxa Echevarría,(2018),,,,
101,#STR48,Desingh Periyasamy,,,,,
102,#Santa4Real,Ben Deka,,,,,
103,#Alive,Il Cho,(2020),,,,
104,#Screamers,Dean Ronalds,(2016),,,,
105,#Selfie,Vanessa Giordano,,,,,
106,#Selfieparty,Lyubomyr Levytsky,(2016),,,,
107,#SemFiltro,Joana Alves,(2023),,,,
108,#Sequence,Montxo Armendáriz,(2013),,,,
109,#Siddhu8,Vaishnavi,,,,,
110,#SkankSnatch,,,,,,
111,#Slaughterhouse,Dino Maglaris,(2020),,,,
112,#Snapped,Debi Kalman,,,,,
113,#Soapgate,,,,,,
114,#Sohavégetnemérös,Dániel Tiszeker,(2016),,,,
115,#Spot,,,,,,
116,Deadly Scholars,Danny J. Boyle,(2018),,,,
117,#Standards,Melanie Page,(2015),,,,
118,#Starvecrow,James Carver,(2017),,,,
119,#StrongIsland,Bruce Bellocchi,,,,,
120,#Stuck,Stuart Acher,(2014),,,,
121,#TeamHigh,,,,,,
122,#FriendsButMarried,Rako Prijanto,(2018),,,,
123,#FriendButMarried 2,Rako Prijanto,(2020),,,,
124,#Thatgirl,,,,,,
125,#The Sextape,Kobi Rana,(2015),,,,
126,#ThisIsHighschool,Michaela Bradley,,,,,
127,A Cold Hard Truth,Charles Murray,(2019),,,,
128,#TubeClash02,DarkViktory,(2016),,,,
129,#UC,,,,,,
130,#US2,N.V. Nirmal Kumar,,,,,
131,#Unknown,LazRael Lison,(2021),,,,
132,#Untitled_Aha_Tamil09,Vimal Santiagu,,,,,
133,#Vanlife,Nathan Wetherington,,,,,
134,#Victoria,Mark K. Buddington,(2018),,,,
135,#Viral Prapancham,Brijesh Tanangi,(2023),,,,
136,#WalangForever,Dan Villegas,(2015),,,,
137,#WhyHeWontMarryYou,Gary Anthony Sturgis,,,,,
138,#WorstThing,Ella Bourne,,,,,
139,#WszystkoGra,Agnieszka Glinska,(2016),,,,
140,#Y,Gino M. Santos,(2014),,,,
141,#Yaaram,Ovais Khan,(2019),,,,
142,#Zombies,,,,,,
143,#aiww: The Arrest of Ai Weiwei,James MacDonald,(2013),,,,
144,#am/pm,Frank Parrillo,,,,,
145,#babynymph,Aldo Pedrosa,(2016),,,,
146,#blessed,Rich Costales,(2015),,,,
147,#chadgetstheaxe,Travis Bible,(2022),,,,
148,#dogpoopgirl,Andrei Hutuleac,(2021),,,,
149,#eagoraoque,Jean-Claude Bernardet,(2020),,,,
